Text,Class,Sign,ASD 

 ""My toddler faces difficulties in diverting attention when needed. It becomes challenging for them to shift focus from a preferred activity to a required task, impacting their learning or participation in activities."",""Attention Attention+"",""-"",1

 ""They tend to fixate on specific details or interests, making it hard to engage in broader or more varied activities."",""Attention Attention+"",""-"",1

 ""Multi-tasking or managing multiple instructions becomes overwhelming for my toddler, affecting their productivity in certain situations."",""Attention Attention+"",""-"",1

 ""My toddler gets easily overwhelmed by distractions, which can disrupt their concentration or focus during tasks."",""Attention Attention+"",""-"",1

 ""My toddler gets easily distracted, making it challenging for them to concentrate in environments with various stimuli or noise."",""Attention Attention+"",""-"",1

 ""They find it hard to switch attention from one task to another, impacting their ability to adapt to changing situations or instructions."",""Attention Attention+"",""-"",1

 ""Too much information or sensory input can overwhelm my toddler, causing them to shut down or become hyperfocused on certain details, hindering their overall understanding."",""Attention Attention+"",""-"",1

 ""Maintaining focus for extended periods is tough for them, affecting their learning and ability to engage in activities that require sustained attention."",""Attention Attention+"",""-"",1

 ""My toddler struggles with distractions and finds it challenging to concentrate when there's too much sensory input or background noise."",""Attention Attention+"",""-"",1

 ""They have trouble shifting attention from one task or subject to another, leading to frustration and difficulty adapting to new situations."",""Attention Attention+"",""-"",1

 ""Too much information at once can overwhelm them, causing shutdowns or avoidance of tasks that require sustained attention."",""Attention Attention+"",""-"",1

 ""Their attention span for certain activities or tasks is limited, impacting their ability to complete tasks or participate in lengthy activities."",""Attention Attention+"",""-"",1

 ""I notice my toddler struggles to stay focused, especially in noisy or crowded environments. It's challenging for them to concentrate when there's too much going on."",""Attention Attention+"",""-"",1

 ""They find it hard to switch their attention from one task to another, leading to frustration and making it tough for them to adapt to changes."",""Attention Attention+"",""-"",1

 ""An overload of information can overwhelm my toddler, leading to shutdowns or avoidance of tasks requiring sustained attention."",""Attention Attention+"",""-"",1

 ""I'm concerned about how easily our toddler gets distracted. In school, they struggle to stay focused, especially when there's a lot of noise or activity around. It's affecting their ability to keep up with the class."",""Attention Attention+"",""-"",1

 ""I'm worried about how easily our toddler loses focus. They struggle to pay attention, especially in noisy environments. It affects their learning at school, and they often miss important details."",""Attention Attention+"",""-"",1


 ""When engaged in a subject of interest, my toddler shows remarkable focus, often demonstrating incredible attention to detail and in-depth understanding."",""Attention Attention+"",""+"",0

 ""Their attention to specific interests helps them build deep expertise in those areas, possibly leading to unique talents or future career paths."",""Attention Attention+"",""+"",0

 ""Structured routines and predictable schedules aid in maintaining attention and focus, making it easier for them to stay on task."",""Attention Attention+"",""+"",0

 ""By understanding their focus patterns, we can nurture their unique abilities, allowing them to excel in their areas of interest."",""Attention Attention+"",""+"",0

 ""When engaged in something they're passionate about, their focus and concentration are remarkable, allowing for a deep and thorough understanding."",""Attention Attention+"",""+"",0

 ""Their attention to detail is exceptional and often leads to noticing things that others might overlook, demonstrating a unique perspective."",""Attention Attention+"",""+"",0

 ""Structured environments and routines help them concentrate better, creating an optimal setting for learning and productivity."",""Attention Attention+"",""+"",0

 ""Their intense focus on specific interests can be nurtured to develop expertise, potentially leading to exceptional skills or careers."",""Attention Attention+"",""+"",0

 ""When engaged in something they love, their focus is intense and unwavering, allowing them to excel in areas of passion."",""Attention Attention+"",""+"",0

 ""They notice details that others might miss, showcasing a keen eye for specifics and demonstrating a unique perspective."",""Attention Attention+"",""+"",0

 ""A structured and organized environment helps them stay focused and perform better in tasks or learning activities."",""Attention Attention+"",""+"",0

 ""Their intense focus can lead to in-depth knowledge and expertise in specific subjects, fostering unique skills or talents."",""Attention Attention+"",""+"",0


 ""I'm concerned about how my toddler reacts to change. Sudden transitions or unexpected alterations in routines can be extremely distressing for them."",""Change Reaction-"",""-"",1

 ""Change can disrupt our daily routines and cause meltdowns or increased anxiety for my toddler, making it challenging to navigate daily activities."",""Change Reaction-"",""-"",1

 ""Their reaction to change might affect their ability to adapt in social situations, making it harder for them to participate in group activities or new environments."",""Change Reaction-"",""-"",1

 ""I worry about not knowing how my toddler might react to change, as it could sometimes result in difficult or challenging behaviors."",""Change Reaction-"",""-"",1

 ""I'm concerned about how my toddler reacts to sudden changes. It often leads to heightened anxiety and distress, making it tough for them to handle unforeseen situations."",""Change Reaction-"",""-"",1

 ""Changes can disrupt our established routines, causing meltdowns or increased stress levels for my toddler, making it challenging to manage day-to-day activities."",""Change Reaction-"",""-"",1

 ""Their reaction to change might impact their social interactions, making it harder to engage in new activities or environments comfortably."",""Change Reaction-"",""-"",1

 ""It's tough not knowing how my toddler will respond to change, sometimes resulting in difficult or challenging behaviors."",""Change Reaction-"",""-"",1

 ""I worry about my toddler's reaction to sudden changes. It often leads to heightened stress and anxiety, making it hard for them to handle unforeseen situations."",""Change Reaction-"",""-"",1

 ""Changes can disrupt our established routines, leading to meltdowns or increased stress levels for my toddler, making it difficult to manage day-to-day activities."",""Change Reaction-"",""-"",1

 ""Their reaction to change might impact their social interactions, making it harder to engage comfortably in new activities or environments."",""Change Reaction-"",""-"",1

 ""It's tough not knowing how my toddler will react to change, sometimes resulting in difficult or challenging behaviors."",""Change Reaction-"",""-"",1

 ""I'm concerned about my toddler's response to sudden changes. It often leads to heightened anxiety and stress, making it challenging for them to handle unpredictable situations."",""Change Reaction-"",""-"",1

 ""Changes can disrupt our established routines, causing meltdowns or increased stress levels for my toddler, making it difficult to manage day-to-day activities."",""Change Reaction-"",""-"",1

 ""Their reaction to change might impact their social interactions, making it harder to comfortably engage in new activities or environments."",""Change Reaction-"",""-"",1

 ""It's tough not knowing how my toddler will react to change, sometimes resulting in challenging or difficult behaviors."",""Change Reaction-"",""-"",1

 ""I'm concerned about my toddler's struggle with sudden changes. It often leads to heightened anxiety, making it challenging for them to cope with unexpected situations."",""Change Reaction-"",""-"",1

 ""Changes disrupt our routines, causing distress or meltdowns, making it hard for my toddler to manage daily activities."",""Change Reaction-"",""-"",1

 ""Their reaction to change might affect their social interactions, making it harder for them to comfortably engage in new situations."",""Change Reaction-"",""-"",1

 ""It's challenging not knowing how my toddler will react to change, sometimes resulting in difficult or challenging behaviors."",""Change Reaction-"",""-"",1

 ""I'm worried about how sudden changes affect my toddler. It often leads to increased stress and anxiety, making it hard for them to adapt."",""Change Reaction-"",""-"",1

 ""Changes disrupt our established routines, causing meltdowns or heightened stress levels, making it tough to manage day-to-day activities."",""Change Reaction-"",""-"",1

 ""Their reaction to change might impact their social interactions, hindering their ability to comfortably engage in new environments or situations."",""Change Reaction-"",""-"",1

 ""It's difficult not knowing how my toddler will react to change, sometimes leading to challenging or difficult behaviors."",""Change Reaction-"",""-"",1


 ""With proper preparation and a consistent approach, my toddler can learn to cope better with changes, gradually adapting to new situations."",""Change Reaction-"",""+"",0

 ""Facing changes may eventually help my toddler become more adaptable and resilient, developing skills to manage unexpected situations."",""Change Reaction-"",""+"",0

 ""By understanding their triggers and preferences, I can develop personalized strategies to ease the impact of change on my toddler."",""Change Reaction-"",""+"",0

 ""Each successful adjustment to change is a milestone, and celebrating these moments helps reinforce positive behaviors and coping mechanisms."",""Change Reaction-"",""+"",0

 ""Gradual exposure to change and prepping them beforehand helps my toddler adapt better to new situations, making transitions smoother."",""Change Reaction-"",""+"",0

 ""Handling changes can eventually foster adaptability and resilience in my toddler, aiding them in managing unexpected situations better."",""Change Reaction-"",""+"",0

 ""Understanding their triggers and preferences allows me to create personalized strategies to ease the impact of change on my toddler."",""Change Reaction-"",""+"",0

 ""Each successful adjustment to change is a win, reinforcing positive behaviors and coping mechanisms, which is something to celebrate."",""Change Reaction-"",""+"",0

 ""Gradual exposure to change and prepping them beforehand helps my toddler adapt better to new situations, making transitions smoother."",""Change Reaction-"",""+"",0

 ""Handling changes can eventually foster adaptability and resilience in my toddler, aiding them in managing unexpected situations better."",""Change Reaction-"",""+"",0

 ""Understanding their triggers and preferences allows me to create personalized strategies to ease the impact of change on my toddler."",""Change Reaction-"",""+"",0

 ""Each successful adjustment to change is a win, reinforcing positive behaviors and coping mechanisms, which is something to celebrate."",""Change Reaction-"",""+"",0

 ""Gradual exposure to change and prepping them beforehand helps my toddler adapt better to new situations, making transitions smoother."",""Change Reaction-"",""+"",0

 ""Handling changes can eventually foster adaptability and resilience in my toddler, aiding them in managing unexpected situations better."",""Change Reaction-"",""+"",0

 ""Understanding their triggers and preferences allows me to create personalized strategies to ease the impact of change on my toddler."",""Change Reaction-"",""+"",0

 ""Each successful adjustment to change is progress, reinforcing positive behaviors and coping mechanisms, which is something to acknowledge and celebrate."",""Change Reaction-"",""+"",0

 ""Gradual exposure and prepping beforehand help my toddler adapt better to new situations, easing transitions."",""Change Reaction-"",""+"",0

 ""Handling changes gradually develops adaptability and resilience in my toddler, aiding them in managing unexpected situations."",""Change Reaction-"",""+"",0

 ""Understanding triggers helps create personalized strategies to ease the impact of change on my toddler."",""Change Reaction-"",""+"",0

 ""Each successful adjustment is progress, reinforcing positive behaviors and coping mechanisms, which is something to celebrate."",""Change Reaction-"",""+"",0

 ""Gradual exposure and preparation before changes help my toddler adapt better, making transitions smoother."",""Change Reaction-"",""+"",0

 ""Handling changes gradually helps develop adaptability and resilience in my toddler, assisting them in managing unexpected situations better."",""Change Reaction-"",""+"",0

 ""Understanding triggers allows us to create personalized strategies to ease the impact of change on my toddler."",""Change Reaction-"",""+"",0

 ""Each successful adjustment to change is progress, reinforcing positive behaviors and coping mechanisms, which is something to acknowledge and celebrate."",""Change Reaction-"",""+"",0



 ""I'm worried about my toddler's constant word repetition. It feels like they're not progressing, just stuck in a loop. I've read it might hinder their communication development. What if they can't express themselves properly?"",""Word Repetition-"",""-"",1

 ""It's understandable to have concerns, but remember, echolalia can serve various purposes. It might help them process language or communicate their needs. It's about understanding how they use it and finding ways to expand their communication skills beyond repetition."",""Word Repetition-"",""-"",1

 ""It feels like my toddler isn't moving forward they're stuck in a loop of repeating the same words without expanding their vocabulary."",""Word Repetition-"",""-"",1

 ""I'm concerned that their word repetition might lead to social isolation or being misunderstood by peers who might not understand their communication style."",""Word Repetition-"",""-"",1

 ""I fear that this repetition might interfere with their ability to grasp new concepts or engage effectively in learning environments."",""Word Repetition-"",""-"",1

 ""I'm worried that my toddler's constant repetition of words might impede their progress in developing broader language and communication skills."",""Word Repetition-"",""-"",1

 ""It feels like my toddler isn't making progress they keep echoing the same words without advancing or learning new ones."",""Word Repetition-"",""-"",1

 ""It feels like my toddler gets stuck repeating certain words, hindering their overall communication development. I'm concerned about their growth."",""Word Repetition-"",""-"",1

 ""I'm concerned that this repetition might interfere with their learning abilities, especially in school. It might affect their comprehension and engagement with different subjects."",""Word Repetition-"",""-"",1

 ""I'm worried that my toddler's constant repetition of words might hinder their ability to develop a diverse and functional vocabulary."",""Word Repetition-"",""-"",1

 ""It feels like my toddler is stuck in a loop, repeating the same words without advancing. I'm concerned about their overall language development."",""Word Repetition-"",""-"",1

 ""I fear that their reliance on repeated words might create barriers in social settings. Other kids might find it hard to connect or communicate effectively."",""Word Repetition-"",""-"",1

 ""I worry that my toddler's constant repetition of words might limit their ability to develop a wider vocabulary and hinder effective communication."",""Word Repetition-"",""-"",1

 ""It feels like my toddler is trapped in a cycle, repeating the same words without progression. I fear it might impede their language development."",""Word Repetition-"",""-"",1

 ""I'm concerned that their reliance on repeated words might isolate them socially. Peers might struggle to understand or engage with their communication style."",""Word Repetition-"",""-"",1

 ""I fear this repetition might hinder their learning in school, affecting their understanding of different subjects and participation in class."",""Word Repetition-"",""-"",1


 ""I've noticed my toddler's word repetition, but I've also seen how it helps them learn and communicate. They use it to express themselves in their unique way, and it's fascinating to see how they associate certain words with different situations."",""Word Repetition-"",""+"",0

 ""Absolutely! We've been incorporating their preferred words into learning activities. It's incredible to witness how they engage and participate when we align their interests with the lessons. It's a fantastic tool for connection and learning."",""Word Repetition-"",""+"",0  

 ""It's fascinating to see how certain words or phrases are a source of comfort or joy for my toddler. It's a way for us to connect and understand their preferences."",""Word Repetition-"",""+"",0
  
 ""I've come to realize that word repetition is a unique way my toddler communicates. It's their way of expressing feelings or needs."",""Word Repetition-"",""+"",0

 ""We've found that their repetition helps us understand what they're trying to convey. It's become a language of its own, enabling smoother interactions."",""Word Repetition-"",""+"",0

 ""We're exploring how to incorporate their repeated words into educational activities. It's incredible how their engagement and interest soar when we align teaching methods with their preferred words."",""Word Repetition-"",""+"",0

 ""I've noticed that word repetition is my toddler's way of communicating and expressing themselves. It's a part of their unique language."",""Word Repetition-"",""+"",0

 ""We've started incorporating their repeated words into learning activities. It's fascinating how their engagement and learning improve when we connect with their preferred words."",""Word Repetition-"",""+"",0

 ""We've discovered that paying attention to their repeated words helps us decode their needs and preferences effectively."",""Word Repetition-"",""+"",0

 ""I've noticed that word repetition is a significant part of how my toddler communicates. It's their way of expressing thoughts and feelings."",""Word Repetition-"",""+"",0

 ""Certain repeated words seem to offer comfort and stability for my toddler. It's fascinating to see how these words help them navigate the world around them."",""Word Repetition-"",""+"",0

 ""We're discovering ways to incorporate their repeated words into learning activities. It's amazing to see how their engagement increases when we use their preferred words."",""Word Repetition-"",""+"",0


 ""I'm concerned about how repetitive behaviors might affect my toddler's social interactions. Peers might find it challenging to understand and engage with my toddler."",""Repetitive Behavior-"",""-"",1

 ""Repetitive behaviors might lead to social isolation or exclusion from group activities, impacting my toddler's ability to make friends."",""Repetitive Behavior-"",""-"",1

 ""Repetitive behaviors might interfere with learning, causing difficulties in focusing on tasks or following instructions."",""Repetitive Behavior-"",""-"",1

 ""There's a fear of societal stigma or misunderstanding surrounding repetitive behaviors, which could lead to judgment or exclusion."",""Repetitive Behavior-"",""-"",1

 ""I'm concerned about our toddler's repetitive behaviors. They keep doing the same actions over and over, and it's interfering with their ability to engage in other activities. I worry about how this might affect their social interactions."",""Repetitive Behavior-"",""-"",1

 ""I'm worried about our toddler's repetitive behaviors. They keep doing the same things repeatedly, and it's difficult to redirect their attention. I'm concerned it might affect their ability to adapt to new situations."",""Repetitive Behavior-"",""-"",1

 ""I'm concerned about our toddler's repetitive behaviors. It's challenging because they seem to get stuck in these patterns, and it's affecting their ability to engage in different activities."",""Repetitive Behavior-"",""-"",1

 ""I'm worried about our toddler's repetitive behaviors. It seems like they get stuck in these routines, and it's affecting their ability to try new things or interact with others."",""Repetitive Behavior-"",""-"",1

 ""I'm concerned about our toddler's repetitive behaviors. It feels like they're stuck in these patterns, and it's hard for them to engage in different activities or adapt to changes."",""Repetitive Behavior-"",""-"",1


 ""Repetitive behaviors often serve as a self-soothing mechanism, helping my toddler manage stress or anxiety in overwhelming situations."",""Repetitive Behavior-"",""+"",0

 ""These behaviors provide comfort and predictability to my toddler, offering a sense of security and familiarity."",""Repetitive Behavior-"",""+"",0

 ""Repetitive behaviors act as a coping mechanism, assisting my toddler in regulating emotions and managing sensory input."",""Repetitive Behavior-"",""+"",0

 ""Recognizing the purpose of these behaviors allows us to understand my toddler's needs better and find ways to accommodate them for their comfort."",""Repetitive Behavior-"",""+"",0

 ""I've noticed our toddler finds comfort in certain repetitive behaviors. It seems to calm them down when they're anxious or overwhelmed. It's like their way of self-soothing."",""Repetitive Behavior-"",""+"",0

 ""I've noticed our toddler engages in repetitive behaviors when they're exploring something they love. It's like they're fine-tuning their focus and attention to detail. It's fascinating to see their dedication and how much they enjoy it."",""Repetitive Behavior-"",""+"",0

 ""I've noticed our toddler's repetitive behaviors often accompany their intense focus and passion for specific topics or activities. It's incredible to see how dedicated they are when pursuing something they're interested in."",""Repetitive Behavior-"",""+"",0

 ""I've noticed our toddler's repetitive behaviors often align with their deep interest in specific subjects. It's amazing how focused and detail-oriented they become when engaging in these activities."",""Repetitive Behavior-"",""+"",0


 ""I'm concerned about my toddler's difficulty in following pointing gestures. It might hinder their ability to understand and respond appropriately during communication."", ""Follow Pointing+"",""-"",1

 ""Their struggle to follow pointing gestures could lead to missing out on important social cues, affecting their ability to engage effectively in conversations."", ""Follow Pointing+"",""-"",1

 ""Difficulty in following pointing might limit their participation in group activities or games, impacting their social inclusion."", ""Follow Pointing+"",""-"",1

 ""Not following pointing gestures could affect their learning experiences, potentially hindering their ability to grasp certain concepts or instructions."", ""Follow Pointing+"",""-"",1

 ""I worry about my toddler's difficulty in following pointing gestures. It might hinder their ability to understand instructions or engage in effective communication."", ""Follow Pointing+"",""-"",1

 ""Their struggle to follow pointing gestures might lead to missing out on social cues, impacting their ability to participate actively in conversations or activities."", ""Follow Pointing+"",""-"",1

 ""Difficulty in following pointing might limit their participation in group activities or games, affecting their social inclusion and interactions."", ""Follow Pointing+"",""-"",1

 ""Not being able to follow pointing gestures could impact their learning experiences, potentially affecting their understanding of certain concepts or instructions."", ""Follow Pointing+"",""-"",1

 ""I'm concerned about my toddler's struggle in following pointing gestures. It might hinder their ability to understand instructions and communicate effectively."", ""Follow Pointing+"",""-"",1

 ""Difficulty in following pointing gestures may lead to missing important social cues, affecting their interactions and causing feelings of exclusion."", ""Follow Pointing+"",""-"",1

 ""Trouble in following pointing might limit their involvement in group activities, impacting their social inclusion and opportunities for engagement."", ""Follow Pointing+"",""-"",1

 ""Not following pointing gestures could affect their learning experiences, potentially hindering their understanding of specific concepts or instructions."", ""Follow Pointing+"",""-"",1

 ""I worry about my toddler's difficulty in following pointing gestures. It might hinder their ability to understand instructions and communicate effectively."", ""Follow Pointing+"",""-"",1

 ""Their challenge in following pointing gestures could cause them to miss important social cues, impacting their interactions and social relationships."", ""Follow Pointing+"",""-"",1

 ""I'm concerned about my toddler's difficulty in following pointing gestures. It might hinder their ability to understand instructions and communicate effectively."", ""Follow Pointing+"",""-"",1

 ""Their challenge in following pointing gestures could cause them to miss out on important social cues, impacting their ability to engage in conversations and social interactions."", ""Follow Pointing+"",""-"",1

 ""I worry about my toddler's difficulty in following pointing gestures. It might hinder their ability to understand instructions and interact with others effectively."", ""Follow Pointing+"",""-"",1

 ""Their struggle to follow pointing gestures might make it challenging for them to pick up social cues, impacting their ability to engage in conversations and activities."", ""Follow Pointing+"",""-"",1


 ""Despite these challenges, my toddler might develop alternative ways of learning, focusing on direct verbal or visual instructions."", ""Follow Pointing+"",""+"",0

 ""Understanding and accepting their unique way of interacting and communicating can foster an environment that values diverse communication styles."", ""Follow Pointing+"",""+"",0
  
 ""Despite these challenges, my toddler might develop alternative methods of learning, focusing on direct verbal instructions or other visual aids."", ""Follow Pointing+"",""+"",0

 ""Their unique communication style offers a different perspective, enabling meaningful connections with individuals who understand their way of communication."", ""Follow Pointing+"",""+"",0

 ""Encouraging other forms of communication or cues, such as using visual aids or verbal prompts, can aid in their understanding."", ""Follow Pointing+"",""+"",0

 ""Understanding and accepting their unique way of interacting and communicating can create an environment that values diverse communication styles."", ""Follow Pointing+"",""+"",0

 ""Despite challenges, my toddler might find alternative learning methods, such as direct verbal communication or visual aids, to understand instructions."", ""Follow Pointing+"",""+"",0

 ""Their unique way of communication offers a different perspective, allowing for meaningful connections with individuals who understand their communication style."", ""Follow Pointing+"",""+"",0

 ""Encouraging the use of different communication methods, like using visual cues or verbal prompts, might aid in their understanding."", ""Follow Pointing+"",""+"",0

 ""Understanding and accepting their distinct way of interacting and communicating can create an environment that appreciates diverse communication styles."", ""Follow Pointing+"",""+"",0


 ""I'm concerned about my toddler's intense focus on specific interests. It might lead to difficulties in shifting attention or engaging in other activities."", ""Focused Attention+"",""+"",0

 ""Their intense focus might make it challenging to participate in conversations or group activities, leading to social isolation or feeling left out."", ""Focused Attention+"",""+"",0

 ""Difficulty in diverting attention from specific interests may hinder their adaptability and willingness to try new things."", ""Focused Attention+"",""+"",0

 ""Their intense focus might lead to overlooking other essential learning opportunities or subjects, affecting their overall education."", ""Focused Attention+"",""+"",0

 ""I'm worried about my toddler's intense focus on specific topics. It might hinder their ability to shift attention or engage in activities beyond their interests."", ""Focused Attention+"",""+"",0

 ""Their intense focus might make social interactions difficult as they may find it challenging to engage in conversations or activities that deviate from their interests."", ""Focused Attention+"",""+"",0

 ""Difficulty in transitioning attention from specific interests may limit their adaptability and willingness to explore new things."", ""Focused Attention+"",""+"",0

 ""Their intense focus might lead to neglecting other important subjects or areas of learning, impacting their overall education."", ""Focused Attention+"",""+"",0

 ""I worry about my toddler's intense focus on specific topics. It might limit their ability to explore various interests and engage in activities outside their focused area."", ""Focused Attention+"",""+"",0

 ""Their intense focus might make social interactions difficult, as they might struggle to engage in conversations or activities that do not align with their interests."", ""Focused Attention+"",""+"",0

 ""I'm concerned about my toddler's intense focus on specific topics. It might limit their willingness to explore other subjects or activities, potentially hindering their overall development."", ""Focused Attention+"",""+"",0

 ""Their intense focus might make it difficult for them to engage in social interactions that don't align with their interests, impacting their ability to build relationships."", ""Focused Attention+"",""+"",0

 ""I'm concerned about my toddler's intense focus on specific topics. It might limit their willingness to explore other subjects or activities, leading to a lack of diversity in their experiences."", ""Focused Attention+"",""+"",0

 ""Their intense focus might make it difficult for them to engage in social interactions that don't align with their interests, potentially impacting their ability to form friendships."", ""Focused Attention+"",""+"",0

 ""Difficulty in shifting attention from their focused interests may result in challenges when transitioning between activities or routines."", ""Focused Attention+"",""+"",0

 ""Their intense focus might cause them to overlook other important subjects or learning opportunities, affecting their overall education."", ""Focused Attention+"",""+"",0


 ""Their ability to intensely focus on specific tasks may result in exceptional skills or capabilities within their area of interest."", ""Focused Attention+"",""-"",1

 ""Success and accomplishment in their focused interests can boost their confidence and self-esteem, supporting their overall development."", ""Focused Attention+"",""-"",1

 ""Their intense focus allows for a deep understanding and knowledge in their area of interest, potentially leading to expertise or talent."", ""Focused Attention+"",""-"",1

 ""Their intense focus can translate into dedication and passion, which could foster perseverance and commitment in pursuing their interests."", ""Focused Attention+"",""-"",1

 ""Their ability to intensely focus on specific tasks may result in exceptional skills or capabilities within their area of interest."", ""Focused Attention+"",""-"",1

 ""Success and accomplishment in their focused interests can boost their confidence and self-esteem, supporting their overall development."", ""Focused Attention+"",""-"",1

 ""Their intense focus allows them to develop a deep understanding and expertise in their area of interest."", ""Focused Attention+"",""-"",1

 ""Their intense focus can fuel passion and commitment, potentially leading to perseverance and success in their chosen field."", ""Focused Attention+"",""-"",1

 ""Their ability to intensely focus can result in the development of exceptional skills and abilities within their area of interest."", ""Focused Attention+"",""-"",1

 ""Achieving success in their focused interests can boost their confidence and self-esteem, supporting their personal growth."", ""Focused Attention+"",""-"",1

 ""Their intense focus allows for in-depth learning and understanding in their chosen areas of interest, potentially leading to expertise and proficiency."", ""Focused Attention+"",""-"",1

 ""Their intense focus can fuel their passion and commitment, fostering dedication and determination to pursue their goals."", ""Focused Attention+"",""-"",1

 ""Their ability to intensely focus on specific tasks may result in the development of exceptional skills and talents."", ""Focused Attention+"",""-"",1

 ""Success and achievement in their focused interests can significantly boost their confidence and self-esteem, supporting their overall development."", ""Focused Attention+"",""-"",1


 ""I'm concerned about my toddler's intense focus on specific topics. It might limit their willingness to explore other subjects or activities, potentially hindering their overall development."",""Finger Movements-"",""-"",1,

 ""Their intense focus might make it difficult for them to engage in social interactions that don't align with their interests, impacting their ability to build relationships."",""Finger Movements-"",""-"",1,

 ""Difficulty in shifting attention from their focused interests might result in challenges when transitioning between tasks or activities."",""Finger Movements-"",""-"",1,

 ""Their intense focus might cause them to neglect other important subjects or learning opportunities, affecting their educational progress."",""Finger Movements-"",""-"",1,

 ""I worry about how others might perceive my toddler's finger movements. Society might misunderstand or judge, leading to potential isolation or exclusion."",""Finger Movements-"",""-"",1,

 ""Persistent finger movements might hinder my toddler's focus, making it challenging for them to engage in tasks or activities effectively."",""Finger Movements-"",""-"",1,

 ""Unusual finger movements might impact their social interactions, making it hard to connect with others or form friendships."",""Finger Movements-"",""-"",1,

 ""Excessive finger movements could contribute to sensory overload, causing stress or discomfort in overwhelming situations."",""Finger Movements-"",""-"",1,

 ""I'm concerned about how others might perceive my toddler's finger movements. It might lead to misconceptions about their behavior or stigma due to the lack of understanding."",""Finger Movements-"",""-"",1,

 ""Their finger movements might distract them from engaging in other activities or tasks, affecting their focus and attention."",""Finger Movements-"",""-"",1,

 ""Unusual finger movements might make social interactions challenging as they might struggle to control or inhibit these behaviors in social settings."",""Finger Movements-"",""-"",1,

 ""Excessive finger movements could potentially contribute to sensory overload, causing stress or discomfort in certain environments."",""Finger Movements-"",""-"",1,

 ""I worry that society might misinterpret my toddler's finger movements as odd or strange, leading to potential social stigma or ostracization."",""Finger Movements-"",""-"",1,

 ""Their constant finger movements might make it challenging for them to focus on tasks or participate in activities, affecting their engagement."",""Finger Movements-"",""-"",1,

 ""Unusual finger movements might hinder their ability to engage in social situations, causing difficulties in making friends or interacting with peers."",""Finger Movements-"",""-"",1,

 ""Excessive finger movements might contribute to sensory overload, causing distress or discomfort in overwhelming situations."",""Finger Movements-"",""-"",1,

 ""I worry about how others might perceive my toddler's finger movements. There could be misunderstandings leading to social exclusion or judgment."",""Finger Movements-"",""-"",1,

 ""Constant finger movements might make it challenging for my toddler to focus on tasks or engage in activities, affecting their participation."",""Finger Movements-"",""-"",1,

 ""Unusual finger movements might hinder their social interactions, making it difficult for them to connect with peers or form friendships."",""Finger Movements-"",""-"",1,

 ""Excessive finger movements could contribute to sensory overload, leading to stress or discomfort in overwhelming environments."",""Finger Movements-"",""-"",1,

 ""I'm worried about how others might perceive my toddler's finger movements. It could lead to misunderstandings or judgments, potentially causing social isolation or stigma."",""Finger Movements-"",""-"",1,

 ""Constant finger movements might make it hard for my toddler to concentrate on tasks, affecting their ability to engage in various activities."",""Finger Movements-"",""-"",1,

 ""Unusual finger movements might hinder their social interactions, making it challenging to build friendships or connect with others."",""Finger Movements-"",""-"",1,

 ""Excessive finger movements could contribute to sensory overload, leading to stress or discomfort in overwhelming environments."",""Finger Movements-"",""-"",1,


 ""Their intense focus allows for in-depth learning and understanding in their chosen areas, potentially leading to expertise and mastery."",Finger Movements-"",""+"",0

 ""Their intense focus can fuel their passion and commitment, driving them to excel and achieve in their chosen field."",Finger Movements-"",""+"",0

 ""Their ability to intensely focus on specific tasks may result in the development of exceptional skills and talents."",Finger Movements-"",""+"",0

 ""Success and achievement in their focused interests can significantly boost their confidence and self-esteem."",Finger Movements-"",""+"",0

 ""Finger movements might serve as a calming or self-regulating mechanism for my toddler, helping them manage stress or anxiety."",Finger Movements-"",""+"",0

 ""Their finger movements could be a form of creative expression, allowing them to explore their imagination and ideas."",Finger Movements-"",""+"",0

 ""It might serve as a way for my toddler to communicate their feelings or needs when verbal communication is challenging."",Finger Movements-"",""+"",0

 ""Through finger movements, they might be exploring different textures or sensations, aiding in sensory exploration and processing."",Finger Movements-"",""+"",0

 ""Their finger movements could serve as a self-soothing mechanism, helping them cope with anxiety or stress."",Finger Movements-"",""+"",0

 ""Their finger movements might represent a form of creative expression, allowing them to explore and express themselves uniquely."",Finger Movements-"",""+"",0

 ""It could potentially serve as a non-verbal way of communication, helping them convey emotions or needs when verbalizing is challenging."",Finger Movements-"",""+"",0

 ""Through finger movements, they might be exploring different sensations or textures, aiding in sensory processing and understanding."",Finger Movements-"",""+"",0
  
 ""Their finger movements might serve as a self-soothing mechanism, helping them regulate emotions or calm themselves when feeling anxious."",Finger Movements-"",""+"",0

 ""Finger movements could be a form of creative expression, allowing them to express themselves uniquely and explore their imagination."",Finger Movements-"",""+"",0

 ""It might act as a way for my toddler to communicate their feelings or needs when verbal communication is challenging."",Finger Movements-"",""+"",0

 ""Through finger movements, they might be exploring different textures or sensations, aiding in sensory processing and understanding."",Finger Movements-"",""+"",0

 ""Their finger movements might serve as a self-soothing mechanism, helping them regulate emotions or cope with anxiety."",Finger Movements-"",""+"",0

 ""Finger movements might be a form of creative expression, allowing them to explore their imagination and artistic abilities."",Finger Movements-"",""+"",0

 ""It could act as a non-verbal way for my toddler to communicate their emotions or needs when verbalizing is challenging."",Finger Movements-"",""+"",0

 ""Through finger movements, they might be exploring different sensations, aiding in sensory processing and understanding."",Finger Movements-"",""+"",0

 ""Their finger movements might act as a self-regulation technique, helping them manage emotions or anxiety."",Finger Movements-"",""+"",0

 ""Finger movements could be a form of creative expression, allowing them to showcase their unique abilities and creativity."",Finger Movements-"",""+"",0

 ""It might serve as a way for my toddler to communicate emotions or needs non-verbally, aiding in expression."",Finger Movements-"",""+"",0

 ""Through finger movements, they might be exploring textures or sensations, aiding in their sensory processing and understanding."",""Finger Movements-"",""+"",0
 

 ""I worry that my toddler's difficulty in making eye contact might be misinterpreted by others as disinterest or rudeness, leading to misunderstandings."",""Eye Contact+"",""+"",0

 ""There's a societal expectation for constant eye contact, and my toddler's inability to maintain it might lead to social stigma or judgment."",""Eye Contact+"",""+"",0

 ""Lack of eye contact might hinder my toddler's ability to connect with others, impacting their social interactions and relationships."",""Eye Contact+"",""+"",0

 ""Others might misinterpret my toddler's lack of eye contact as a lack of empathy or emotional understanding."",""Eye Contact+"",""+"",0

 ""I worry that others might misunderstand my toddler's lack of eye contact as rudeness or disinterest."",""Eye Contact+"",""+"",0

 ""There's societal pressure for consistent eye contact, and my toddler's difficulty in maintaining it might lead to social judgment or exclusion."",""Eye Contact+"",""+"",0

 ""Others might misconstrue my toddler's limited eye contact as a lack of empathy or emotional connection."",""Eye Contact+"",""+"",0


 ""My toddler's limited eye contact might reflect their respect for personal boundaries and sensitivity to visual stimuli."",""Eye Contact+"",""-"",1

 ""They might use other cues, such as listening attentively or expressing themselves through different means, to connect with people."",""Eye Contact+"",""-"",1

 ""For my toddler, avoiding eye contact might be a way to feel more comfortable and focused during conversations or activities."",""Eye Contact+"",""-"",1

 ""Their way of communicating might be different, but it's still valid and meaningful in expressing themselves."",""Eye Contact+"",""-"",1

 ""My toddler's limited eye contact might reflect their respect for personal space and sensitivity to visual stimuli."",""Eye Contact+"",""-"",1

 ""They might use alternative ways to connect, such as listening attentively or expressing themselves through different means."",""Eye Contact+"",""-"",1

 ""Avoiding eye contact might help my toddler feel more comfortable and focused during conversations or activities."",""Eye Contact+"",""-"",1
  
 ""They might use different means to connect, such as listening attentively or expressing themselves through alternative communication methods."",""Eye Contact+"",""-"",1

 ""Their communication style might differ, but it's still valid and meaningful in expressing themselves."",""Eye Contact+"",""-"",1

 ""They might use alternative means to communicate and connect, such as listening attentively or using different expressive methods."",""Eye Contact+"",""-"",1

 ""Avoiding eye contact might help my toddler concentrate and feel more at ease during conversations or activities."",""Eye Contact+"",""-"",1


 ""I worry that my toddler's difficulty in displaying emotional empathy might be misinterpreted by others as a lack of care or concern."",""Emotional Empathy+"",""-"",1

 ""There's societal pressure to express emotions visibly, and my toddler's challenge in doing so might lead to misunderstandings or social exclusion."",""Emotional Empathy+"",""-"",1

 ""Their limited display of emotional empathy might hinder their ability to connect deeply with others, affecting their relationships and friendships."",""Emotional Empathy+"",""-"",1

 ""Others might wrongly perceive my toddler's struggle with emotional empathy as a lack of understanding or caring for others' emotions."",""Emotional Empathy+"",""-"",1

 ""There's societal pressure for visible emotional expressions, and my toddler's challenge in showing empathy might lead to misunderstandings or social isolation."",""Emotional Empathy+"",""-"",1

 ""Their limited display of emotional empathy might affect their ability to form deep connections, impacting friendships and relationships."",""Emotional Empathy+"",""-"",1

 ""I worry that my toddler's difficulty in expressing emotional empathy might lead others to perceive them as uncaring or indifferent."",""Emotional Empathy+"",""-"",1

 ""Others might misconstrue my toddler's struggle with emotional empathy as a lack of understanding or concern for others' emotions."",""Emotional Empathy+"",""-"",1

 ""I worry that my toddler's difficulty in expressing emotional empathy might lead others to misinterpret their intentions or feelings."",""Emotional Empathy+"",""-"",1

 ""Their limited demonstration of emotional empathy might affect their ability to connect deeply with others, leading to challenges in forming friendships and relationships."",""Emotional Empathy+"",""-"",1

 ""There's immense pressure for visible emotional responses, and my toddler's challenge in displaying empathy might lead to social exclusion or misconceptions."",""Emotional Empathy+"",""-"",1

 ""Their struggle to express emotional empathy might hinder their ability to connect deeply with others, potentially affecting their friendships and relationships."",""Emotional Empathy+"",""-"",1

 ""Others might misinterpret my toddler's difficulty with emotional empathy as indifference, affecting how they are perceived in social interactions."",""Emotional Empathy+"",""-"",1

 ""There's an expectation for overt emotional responses, and my toddler's challenge in conveying empathy might result in social isolation or feelings of being misunderstood."",""Emotional Empathy+"",""-"",1

 ""Their struggle to display emotional empathy might affect their ability to build and maintain deep connections with peers and family members."",""Emotional Empathy+"",""-"",1

 ""Others might mistake my toddler's difficulty in expressing emotional empathy as a lack of care or concern for others' feelings."",""Emotional Empathy+"",""-"",1


 ""While not always outwardly shown, my toddler might deeply understand and feel emotions, expressing empathy in their unique, less visible ways."",""Emotional Empathy+"",""+"",0

 ""They might be sensitive observers, showing empathy through listening, offering practical help, or providing comfort in their own ways."",""Emotional Empathy+"",""+"",0

 ""They may express empathy through thoughtful actions, attentive listening, or finding practical ways to help others."",""Emotional Empathy+"",""+"",0

 ""Their expression of empathy might be authentic and heartfelt, even if different from what's conventionally expected."",""Emotional Empathy+"",""+"",0

 ""Despite challenges, my toddler might form strong emotional bonds with others, expressing empathy through their distinct methods."",""Emotional Empathy+"",""+"",0

 ""Despite challenges in expression, my toddler might deeply understand emotions, showing empathy in unique, less visible ways."",""Emotional Empathy+"",""+"",0

 ""They may express empathy through actions, attentive listening, or finding practical ways to assist others."",""Emotional Empathy+"",""+"",0

 ""Despite hurdles, my toddler can form strong emotional bonds, demonstrating empathy through their distinctive methods."",""Emotional Empathy+"",""+"",0

 ""My toddler may express empathy in more subtle or unique ways, such as through actions or thoughtful gestures."",""Emotional Empathy+"",""+"",0

 ""Despite difficulties in expressing emotions outwardly, my toddler might deeply understand and resonate with others' feelings."",""Emotional Empathy+"",""+"",0

 ""Their expression of empathy might be genuine and heartfelt, even if it's not as visible or conventional."",""Emotional Empathy+"",""+"",0

 ""Despite challenges, my toddler can still form meaningful emotional connections with others, showcasing empathy in their own distinct manner."",""Emotional Empathy+"",""+"",0
  
 ""My toddler might express empathy in ways that are different but equally meaningful, such as through actions or offering practical help."",""Emotional Empathy+"",""+"",0

 ""Despite challenges in showing emotions, my toddler may have a profound understanding of others' feelings, even if they struggle to express it."",""Emotional Empathy+"",""+"",0

 ""Their way of expressing empathy might be genuine and heartfelt, albeit different from what society expects."",""Emotional Empathy+"",""+"",0

 ""Despite difficulties, my toddler can form strong emotional bonds, showing empathy in their own distinctive and sincere way."",""Emotional Empathy+"",""+"",0

 ""My toddler might show empathy in different, yet meaningful ways, such as through actions or by providing practical help."",""Emotional Empathy+"",""+"",0

 ""Despite challenges in expressing emotions, my toddler may deeply understand others' feelings, even if it's not outwardly visible."",""Emotional Empathy+"",""+"",0

 ""Their way of expressing empathy could be authentic and sincere, albeit different from societal expectations."",""Emotional Empathy+"",""+"",0

 ""Despite difficulties, my toddler can form strong emotional connections, showing empathy uniquely and earnestly."",""Emotional Empathy+"",""+"",0


 ""I worry about my toddler's fixation on arranging toys. It seems they spend more time organizing than actually playing, which might limit their play experiences."",""Toy Arranging-"",""-"",1

 ""Their focus on arranging toys in a specific way might make it hard for them to engage in shared play with other toddlerren. Peers may not understand their preferences."",""Toy Arranging-"",""-"",1

 ""It's sometimes hard to explain their fixation on toy arranging to others. It can lead to misunderstanding or judgment from friends or family."",""Toy Arranging-"",""-"",1

 ""I'm concerned that my toddler's fixation on arranging toys limits their actual playtime. It seems they're more focused on organizing than engaging in imaginative play."",""Toy Arranging-"",""-"",1

 ""Their strong attachment to arranging toys in a specific way might hinder their ability to play cooperatively with other toddlerren. Peers might not understand or join in their play."",""Toy Arranging-"",""-"",1

 ""It can be difficult to explain to others why my toddler is fixated on arranging toys. Some people might not understand this behavior, leading to judgment or misunderstanding."",""Toy Arranging-"",""-"",1

 ""I worry that my toddler's focus on arranging toys limits their actual playtime. It seems they're more invested in organizing than engaging in imaginative play."",""Toy Arranging-"",""-"",1

 ""When their organized toys are disturbed, my toddler can become upset or distressed. Introducing new toys or changes becomes challenging without causing upset."",""Toy Arranging-"",""-"",1

 ""Their fixation on arranging toys in a specific way might make it hard for them to play with other toddlerren. Peers may not understand or join in their play."",""Toy Arranging-"",""-"",1


 ""I've noticed that my toddler's interest in arranging toys showcases impressive organizational skills. It's amazing to see how they categorize and arrange items."",""Toy Arranging-"",""+"",0

 ""We're exploring ways to encourage their interest in arranging toys while gently introducing flexibility. It's astonishing how their play and creativity expand when we integrate their preferences."",""Toy Arranging-"",""+"",0

 ""My toddler's interest in arranging toys showcases remarkable organizational skills. It's impressive to see how they categorize and arrange items."",""Toy Arranging-"",""+"",0

 ""Their dedication to arranging toys reflects creativity and attention to detail. It's fascinating to witness the patterns and designs they create."",""Toy Arranging-"",""+"",0

 ""Arranging toys seems to provide comfort and a sense of control for my toddler. It's their way of expressing themselves and feeling secure."",""Toy Arranging-"",""+"",0

 ""We're finding ways to encourage their interest in arranging toys while gently introducing flexibility. It's incredible how their play and creativity expand when we integrate their preferences."",""Toy Arranging-"",""+"",0
